bigloo-4.3f,browse:2000,4.71593984
bigloo-4.3f,deriv:10000000,8.016825088
bigloo-4.3f,destruc:600:50:4000,5.512801024
bigloo-4.3f,diviter:1000:1000000,6.653915136
bigloo-4.3f,divrec:1000:1000000,12.372948992
bigloo-4.3f,puzzle:1000,11.448251136
bigloo-4.3f,triangl:22:1:50,3.165635072
bigloo-4.3f,tak:40:20:11:1,3.903343104
bigloo-4.3f,takl:40:20:12:1,1.883531008
bigloo-4.3f,ntakl:40:20:12:1,1.950973184
bigloo-4.3f,cpstak:40:20:11:1,27.864845056
bigloo,ctak,ULIMITKILLED
bigloo-4.3f,fib:40:5,6.555808
bigloo-4.3f,fibc:30:10,83.09005696
bigloo-4.3f,fibfp:35.0:10,9.58913792
bigloo-4.3f,sum:10000:200000,9.613990144
bigloo-4.3f,sumfp:1000000.0:500,19.528156928
bigloo-4.3f,fft:65536:100,8.811376128
bigloo-4.3f,mbrot:75:1000,26.294836992
bigloo,mbrotZ,COMPILEERROR
bigloo-4.3f,nucleic:50,7.344208896
bigloo,pi,COMPILEERROR
bigloo-4.3f,pnpoly:1000000,22.422452992
bigloo-4.3f,ray:50,11.059337984
bigloo-4.3f,simplex:1000000,8.38168192
bigloo-4.3f,ack:3:12:2,6.253880064
bigloo-4.3f,array1:1000000:500,5.508382976
bigloo-4.3f,string:500000:100,0.504755968
bigloo-4.3f,sum1:25,0.924044032
bigloo-4.3f,cat:50,1.896559104
bigloo-4.3f,tail:50,1.581270784
bigloo-4.3f,wc:inputs/bib:50,1.695956992
bigloo-4.3f,read1:2500,0.591145984
bigloo,compiler,COMPILEERROR
bigloo-4.3f,conform:500,3.043008
bigloo-4.3f,dynamic:500,4.01442304
bigloo-4.3f,earley:1,5.835672064
bigloo-4.3f,graphs:7:3,18.328987136
bigloo-4.3f,matrix:5:5:2500,5.041776128
bigloo-4.3f,maze:20:7:10000,3.167123968
bigloo-4.3f,mazefun:11:11:10000,6.605135104
bigloo-4.3f,nqueens:13:10,22.033040896
bigloo-4.3f,paraffins:23:10,3.260162048
bigloo-4.3f,parsing:2500,3.021014016
bigloo-4.3f,peval:2000,2.940101888
bigloo-4.3f,primes:1000:10000,4.923791104
bigloo-4.3f,quicksort:10000:2500,5.340838144
bigloo-4.3f,scheme:100000,5.32561792
bigloo-4.3f,slatex:500,2.849899008
bigloo,chudnovsky,COMPILEERROR
bigloo-4.3f,nboyer:5:1,3.347374848
bigloo-4.3f,sboyer:5:1,1.425052928
bigloo-4.3f,gcbench:20:1,2.597392128
bigloo-4.3f,mperm:20:10:2:1,10.405234176
bigloo,equal,ULIMITKILLED
bigloo-4.3f,bv2string:1000:1000:100,5.023930112
bones-unknown,browse:2000,0.735817033
bones-unknown,deriv:10000000,4.998734391
bones-unknown,destruc:600:50:4000,9.682203329
bones-unknown,diviter:1000:1000000,2.618749663
bones-unknown,divrec:1000:1000000,5.248764317
bones-unknown,puzzle:1000,16.711228833
bones-unknown,triangl:22:1:50,11.152094949
bones-unknown,tak:40:20:11:1,16.476190414
bones-unknown,takl:40:20:12:1,8.967190864999999
bones-unknown,ntakl:40:20:12:1,9.568885041
bones-unknown,cpstak:40:20:11:1,21.903513838
bones-unknown,ctak:32:16:8:1,2.45897743
bones-unknown,fib:40:5,31.999199272
bones-unknown,fibc:30:10,2.637836809
bones-unknown,fibfp:35.0:10,5.707337392
bones-unknown,sum:10000:200000,59.940249003
bones-unknown,sumfp:1000000.0:500,13.310424616
bones-unknown,fft:65536:100,15.813209471
bones-unknown,mbrot:75:1000,18.272177516
bones,mbrotZ,COMPILEERROR
bones-unknown,nucleic:50,8.254895253000001
bones,pi,COMPILEERROR
bones-unknown,pnpoly:1000000,16.448087651
bones,ray,COMPILEERROR
bones-unknown,simplex:1000000,12.71578784
bones-unknown,ack:3:12:2,31.751383479
bones-unknown,array1:1000000:500,22.268047842
bones-unknown,string:500000:100,0.334420084
bones-unknown,sum1:25,17.744393856
bones,cat,ULIMITKILLED
bones,tail,COMPILEERROR
bones-unknown,wc:inputs/bib:50,90.38312566099999
bones-unknown,read1:2500,33.863455102
bones,compiler,COMPILEERROR
bones-unknown,conform:500,8.378757591999999
bones-unknown,dynamic:500,32.300411267
bones,earley,CRASHED
bones-unknown,graphs:7:3,22.833342623
bones-unknown,lattice:44:10,25.533397919
bones-unknown,matrix:5:5:2500,6.259802324
bones-unknown,maze:20:7:10000,5.069793237
bones-unknown,mazefun:11:11:10000,11.116532184
bones-unknown,nqueens:13:10,32.478247355
bones,paraffins,CRASHED
bones-unknown,parsing:2500,22.798154836
bones-unknown,peval:2000,4.977494012
bones-unknown,primes:1000:10000,3.619993622
bones,quicksort,COMPILEERROR
bones,scheme,COMPILEERROR
bones-unknown,slatex:500,15.416511498
bones,chudnovsky,COMPILEERROR
bones,nboyer,CRASHED
bones,sboyer,CRASHED
bones,gcbench,COMPILEERROR
bones,mperm,CRASHED
bones,equal,ULIMITKILLED
bones,bv2string,COMPILEERROR
chez-9.5.1-m64,browse:2000,0.835568071
chez-9.5.1-m64,deriv:10000000,1.153541793
chez-9.5.1-m64,destruc:600:50:4000,2.214991349
chez-9.5.1-m64,diviter:1000:1000000,1.813419325
chez-9.5.1-m64,divrec:1000:1000000,2.190216381
chez-9.5.1-m64,puzzle:1000,1.657438277
chez-9.5.1-m64,triangl:22:1:50,1.905671093
chez-9.5.1-m64,tak:40:20:11:1,1.662998476
chez-9.5.1-m64,takl:40:20:12:1,3.712191974
chez-9.5.1-m64,ntakl:40:20:12:1,3.652099767
chez-9.5.1-m64,cpstak:40:20:11:1,4.206466159
chez-9.5.1-m64,ctak:32:16:8:1,0.964500303
chez-9.5.1-m64,fib:40:5,3.62794664
chez-9.5.1-m64,fibc:30:10,0.706880905
chez-9.5.1-m64,fibfp:35.0:10,3.179335036
chez-9.5.1-m64,sum:10000:200000,3.585444051
chez-9.5.1-m64,sumfp:1000000.0:500,4.250264781
chez-9.5.1-m64,fft:65536:100,3.317320019
chez-9.5.1-m64,mbrot:75:1000,5.392981821
chez-9.5.1-m64,mbrotZ:75:1000,9.256204689
chez-9.5.1-m64,nucleic:50,2.589427503
chez-9.5.1-m64,pi:50:500:50:100,0.601266236
chez-9.5.1-m64,pnpoly:1000000,4.728277387
chez-9.5.1-m64,ray:50,2.82607004
chez-9.5.1-m64,simplex:1000000,2.344017299
chez-9.5.1-m64,ack:3:12:2,3.115657318
chez-9.5.1-m64,array1:1000000:500,8.158313975
chez-9.5.1-m64,string:500000:100,6.539789054
chez-9.5.1-m64,sum1:25,2.016276829
chez-9.5.1-m64,cat:50,2.685158055
chez-9.5.1-m64,tail:50,3.57154012
chez-9.5.1-m64,wc:inputs/bib:50,1.762920236
chez-9.5.1-m64,read1:2500,1.284003948
chez-9.5.1-m64,compiler:2000,2.994956063
chez-9.5.1-m64,conform:500,2.095447019
chez-9.5.1-m64,dynamic:500,4.011600602
chez-9.5.1-m64,earley:1,5.029495538
chez-9.5.1-m64,graphs:7:3,2.272837992
chez-9.5.1-m64,lattice:44:10,3.910147377
chez-9.5.1-m64,matrix:5:5:2500,1.629865403
chez-9.5.1-m64,maze:20:7:10000,1.662986579
chez-9.5.1-m64,mazefun:11:11:10000,2.85818609
chez-9.5.1-m64,nqueens:13:10,4.992593351
chez-9.5.1-m64,paraffins:23:10,5.968435138
chez-9.5.1-m64,parsing:2500,3.354795759
chez-9.5.1-m64,peval:2000,2.046108162
chez-9.5.1-m64,primes:1000:10000,2.643975717
chez-9.5.1-m64,quicksort:10000:2500,3.903396261
chez-9.5.1-m64,scheme:100000,2.545485021
chez-9.5.1-m64,slatex:500,3.727323909
chez-9.5.1-m64,chudnovsky:50:500:50:1000,0.324817752
chez-9.5.1-m64,nboyer:5:1,3.954526908
chez-9.5.1-m64,sboyer:5:1,1.295859996
chez-9.5.1-m64,gcbench:20:1,1.867106225
chez-9.5.1-m64,mperm:20:10:2:1,13.330552193
chez-9.5.1-m64,equal:100:100:8:1000:2000:5000,0.988862116
chez-9.5.1-m64,bv2string:1000:1000:100,2.472977218
chibi,browse,ULIMITKILLED
chibi-0.8.0,deriv:10000000,69.396
chibi-0.8.0,destruc:600:50:4000,61.969
chibi-0.8.0,diviter:1000:1000000,44.683
chibi-0.8.0,divrec:1000:1000000,39.866
chibi-0.8.0,puzzle:1000,172.394
chibi-0.8.0,triangl:22:1:50,63.452
chibi-0.8.0,tak:40:20:11:1,42.79
chibi,takl,ULIMITKILLED
chibi-0.8.0,ntakl:40:20:12:1,88.948
chibi-0.8.0,cpstak:40:20:11:1,147.738
chibi,ctak,ULIMITKILLED
chibi-0.8.0,fib:40:5,53.174
chibi,fibc,ULIMITKILLED
chibi-0.8.0,fibfp:35.0:10,32.7
chibi-0.8.0,sum:10000:200000,65.485
chibi-0.8.0,sumfp:1000000.0:500,65.275
chibi-0.8.0,fft:65536:100,43.298
chibi-0.8.0,mbrot:75:1000,147.097
chibi-0.8.0,mbrotZ:75:1000,282.841
chibi-0.8.0,nucleic:50,56.391
chibi,pi,ULIMITKILLED
chibi-0.8.0,pnpoly:1000000,166.194
chibi-0.8.0,ray:50,81.667
chibi-0.8.0,simplex:1000000,127.333
chibi-0.8.0,ack:3:12:2,46.606
chibi-0.8.0,array1:1000000:500,43.653
chibi-0.8.0,string:500000:100,16.754
chibi-0.8.0,sum1:25,26.144
chibi-0.8.0,cat:50,37.869
chibi-0.8.0,tail:50,6.427
chibi-0.8.0,wc:inputs/bib:50,292.216
chibi-0.8.0,read1:2500,83.923
chibi-0.8.0,compiler:2000,92.588
chibi-0.8.0,conform:500,106.32
chibi-0.8.0,dynamic:500,147.956
chibi,earley,ULIMITKILLED
chibi,graphs,ULIMITKILLED
chibi,lattice,ULIMITKILLED
chibi-0.8.0,matrix:5:5:2500,155.637
chibi-0.8.0,maze:20:7:10000,60.416
chibi-0.8.0,mazefun:11:11:10000,80.149
chibi-0.8.0,nqueens:13:10,123.915
chibi,paraffins,ULIMITKILLED
chibi,parsing,ULIMITKILLED
chibi-0.8.0,peval:2000,127.411
chibi-0.8.0,primes:1000:10000,16.636
chibi-0.8.0,quicksort:10000:2500,166.588
chibi-0.8.0,scheme:100000,85.262
chibi-0.8.0,slatex:500,111.83
chibi,chudnovsky,ULIMITKILLED
chibi-0.8.0,nboyer:5:1,28.265
chibi-0.8.0,sboyer:5:1,27.192
chibi,gcbench,ULIMITKILLED
chibi-0.8.0,mperm:20:10:2:1,106.056
chibi-0.8.0,equal:100:100:8:1000:2000:5000,31.297
chibi-0.8.0,bv2string:1000:1000:100,7.967
chicken5-5.2.0,browse:2000,10.805
chicken5-5.2.0,deriv:10000000,6.615
chicken5-5.2.0,destruc:600:50:4000,11.439
chicken5-5.2.0,diviter:1000:1000000,3.005
chicken5-5.2.0,divrec:1000:1000000,10.598
chicken5-5.2.0,puzzle:1000,17.282
chicken5-5.2.0,triangl:22:1:50,13.985
chicken5-5.2.0,tak:40:20:11:1,14.162
chicken5-5.2.0,takl:40:20:12:1,10.326
chicken5-5.2.0,ntakl:40:20:12:1,10.275
chicken5-5.2.0,cpstak:40:20:11:1,15.386
chicken5-5.2.0,ctak:32:16:8:1,3.481
chicken5-5.2.0,fib:40:5,32.406
chicken5-5.2.0,fibc:30:10,2.887
chicken5-5.2.0,fibfp:35.0:10,6.687
chicken5-5.2.0,sum:10000:200000,24.195
chicken5-5.2.0,sumfp:1000000.0:500,7.596
chicken5-5.2.0,fft:65536:100,15.845
chicken5-5.2.0,mbrot:75:1000,9.738
chicken5-5.2.0,mbrotZ:75:1000,24.296
chicken5-5.2.0,nucleic:50,5.058
chicken5-5.2.0,pi:50:500:50:100,0.71
chicken5-5.2.0,pnpoly:1000000,17.286
chicken5-5.2.0,ray:50,5.996
chicken5-5.2.0,simplex:1000000,11.001
chicken5-5.2.0,ack:3:12:2,62.367
chicken5-5.2.0,array1:1000000:500,12.932
chicken5-5.2.0,string:500000:100,0.762
chicken5-5.2.0,sum1:25,9.085
chicken5-5.2.0,cat:50,14.683
chicken5-5.2.0,tail:50,1.482
chicken5-5.2.0,wc:inputs/bib:50,54.831
chicken5-5.2.0,read1:2500,11.026
chicken5-5.2.0,compiler:2000,7.592
chicken5-5.2.0,conform:500,11.584
chicken5-5.2.0,dynamic:500,14.826
chicken5,earley,CRASHED
chicken5-5.2.0,graphs:7:3,11.341
chicken5-5.2.0,lattice:44:10,18.89
chicken5-5.2.0,matrix:5:5:2500,9.418
chicken5-5.2.0,maze:20:7:10000,7.925
chicken5-5.2.0,mazefun:11:11:10000,12.976
chicken5-5.2.0,nqueens:13:10,31.892
chicken5-5.2.0,paraffins:23:10,13.605
chicken5-5.2.0,parsing:2500,19.128
chicken5-5.2.0,peval:2000,11.917
chicken5-5.2.0,primes:1000:10000,7.634
chicken5-5.2.0,quicksort:10000:2500,15.895
chicken5-5.2.0,scheme:100000,13.6
chicken5-5.2.0,slatex:500,12.102
chicken5-5.2.0,chudnovsky:50:500:50:1000,0.436
chicken5-5.2.0,nboyer:5:1,24.525
chicken5-5.2.0,sboyer:5:1,8.254
chicken5-5.2.0,gcbench:20:1,6.819
chicken5-5.2.0,mperm:20:10:2:1,31.4
chicken5,equal,ULIMITKILLED
chicken5-5.2.0,bv2string:1000:1000:100,7.547
chicken5csi-5.2.0,browse:2000,193.995
chicken5csi-5.2.0,deriv:10000000,119.551
chicken5csi,destruc,ULIMITKILLED
chicken5csi-5.2.0,diviter:1000:1000000,169.133
chicken5csi-5.2.0,divrec:1000:1000000,149.009
chicken5csi,puzzle,ULIMITKILLED
chicken5csi-5.2.0,triangl:22:1:50,246.877
chicken5csi-5.2.0,tak:40:20:11:1,218.117
chicken5csi,takl,ULIMITKILLED
chicken5csi,ntakl,ULIMITKILLED
chicken5csi,cpstak,ULIMITKILLED
chicken5csi-5.2.0,ctak:32:16:8:1,75.239
chicken5csi,fib,ULIMITKILLED
chicken5csi-5.2.0,fibc:30:10,71.059
chicken5csi-5.2.0,fibfp:35.0:10,78.775
chicken5csi,sum,ULIMITKILLED
chicken5csi-5.2.0,sumfp:1000000.0:500,154.415
chicken5csi-5.2.0,fft:65536:100,103.923
chicken5csi-5.2.0,mbrot:75:1000,217.766
chicken5csi-5.2.0,mbrotZ:75:1000,251.403
chicken5csi-5.2.0,nucleic:50,95.85
chicken5csi-5.2.0,pi:50:500:50:100,0.826
chicken5csi-5.2.0,pnpoly:1000000,272.371
chicken5csi-5.2.0,ray:50,108.692
chicken5csi,simplex,ULIMITKILLED
chicken5csi,ack,ULIMITKILLED
chicken5csi,array1,ULIMITKILLED
chicken5csi-5.2.0,string:500000:100,1.51
chicken5csi-5.2.0,sum1:25,10.043
chicken5csi-5.2.0,cat:50,69.067
chicken5csi-5.2.0,tail:50,2.198
chicken5csi-5.2.0,wc:inputs/bib:50,187.88
chicken5csi-5.2.0,read1:2500,12.065
chicken5csi-5.2.0,compiler:2000,176.276
chicken5csi,conform,ULIMITKILLED
chicken5csi-5.2.0,dynamic:500,97.833
chicken5csi,earley,CRASHED
chicken5csi,graphs,ULIMITKILLED
chicken5csi,lattice,ULIMITKILLED
chicken5csi,matrix,ULIMITKILLED
chicken5csi-5.2.0,maze:20:7:10000,161.138
chicken5csi,mazefun,ULIMITKILLED
chicken5csi,nqueens,ULIMITKILLED
chicken5csi-5.2.0,paraffins:23:10,85.682
chicken5csi-5.2.0,parsing:2500,279.688
chicken5csi-5.2.0,peval:2000,225.718
chicken5csi-5.2.0,primes:1000:10000,88.814
chicken5csi,quicksort,ULIMITKILLED
chicken5csi-5.2.0,scheme:100000,199.72
chicken5csi-5.2.0,slatex:500,38.08
chicken5csi-5.2.0,chudnovsky:50:500:50:1000,1.155
chicken5csi-5.2.0,nboyer:5:1,139.76
chicken5csi-5.2.0,sboyer:5:1,169.953
chicken5csi-5.2.0,gcbench:20:1,105.351
chicken5csi,mperm,ULIMITKILLED
chicken5csi,equal,ULIMITKILLED
chicken5csi-5.2.0,bv2string:1000:1000:100,63.859
cyclone-0.18,browse:2000,8.78121
cyclone-0.18,deriv:10000000,5.960702
cyclone-0.18,destruc:600:50:4000,19.882995
cyclone-0.18,diviter:1000:1000000,2.757644
cyclone-0.18,divrec:1000:1000000,9.606641
cyclone-0.18,puzzle:1000,14.839772
cyclone-0.18,triangl:22:1:50,10.904338
cyclone-0.18,tak:40:20:11:1,9.270434
cyclone-0.18,takl:40:20:12:1,7.902899
cyclone-0.18,ntakl:40:20:12:1,8.432352
cyclone-0.18,cpstak:40:20:11:1,12.877649
cyclone-0.18,ctak:32:16:8:1,1.380156
cyclone-0.18,fib:40:5,0.000239
cyclone-0.18,fibc:30:10,2.171146
cyclone-0.18,fibfp:35.0:10,0.000292
cyclone-0.18,sum:10000:200000,19.311902
cyclone-0.18,sumfp:1000000.0:500,7.574188
cyclone-0.18,fft:65536:100,9.679596
cyclone-0.18,mbrot:75:1000,10.311679
cyclone-0.18,mbrotZ:75:1000,12.548987
cyclone-0.18,nucleic:50,4.090315
cyclone-0.18,pi:50:500:50:100,3.438093
cyclone-0.18,pnpoly:1000000,17.6637
cyclone-0.18,ray:50,5.176546
cyclone-0.18,simplex:1000000,20.154297
cyclone-0.18,ack:3:12:2,0.191379
cyclone-0.18,array1:1000000:500,26.944358
cyclone-0.18,string:500000:100,0.56698
cyclone-0.18,sum1:25,0.705772
cyclone-0.18,cat:50,15.373762
cyclone-0.18,tail:50,1.231029
cyclone-0.18,wc:inputs/bib:50,7.508232
cyclone-0.18,read1:2500,2.083535
cyclone-0.18,compiler:2000,12.628889
cyclone-0.18,conform:500,17.789238
cyclone-0.18,dynamic:500,9.887802
cyclone-0.18,earley:1,13.0002
cyclone-0.18,graphs:7:3,20.9709
cyclone-0.18,lattice:44:10,28.310276
cyclone-0.18,matrix:5:5:2500,12.616925
cyclone-0.18,maze:20:7:10000,9.730964
cyclone-0.18,mazefun:11:11:10000,13.11536
cyclone-0.18,nqueens:13:10,30.346442
cyclone-0.18,paraffins:23:10,5.030449
cyclone-0.18,parsing:2500,16.964901
cyclone-0.18,peval:2000,11.959059
cyclone-0.18,primes:1000:10000,8.405014
cyclone-0.18,quicksort:10000:2500,27.956005
cyclone-0.18,scheme:100000,9.36483
cyclone-0.18,slatex:500,5.048996
cyclone-0.18,chudnovsky:50:500:50:1000,1.720916
cyclone-0.18,nboyer:5:1,8.42543
cyclone-0.18,sboyer:5:1,5.929609
cyclone-0.18,gcbench:20:1,12.414549
cyclone-0.18,mperm:20:10:2:1,24.294489
cyclone-0.18,equal:100:100:8:1000:2000:5000,0.437228
cyclone-0.18,bv2string:1000:1000:100,4.924953
femtolisp,browse,CRASHED
femtolisp-unknown,deriv:10000000,10.4429600238800049
femtolisp-unknown,destruc:600:50:4000,26.3159739971160889
femtolisp-unknown,diviter:1000:1000000,20.5610570907592773
femtolisp-unknown,divrec:1000:1000000,21.1210870742797852
femtolisp-unknown,puzzle:1000,61.5639669895172119
femtolisp-unknown,triangl:22:1:50,29.7382709980010986
femtolisp-unknown,tak:40:20:11:1,22.0051279067993164
femtolisp-unknown,takl:40:20:12:1,69.6895430088043213
femtolisp-unknown,ntakl:40:20:12:1,51.790715217590332
femtolisp-unknown,cpstak:40:20:11:1,41.8426761627197266
femtolisp-unknown,ctak:32:16:8:1,10.6516280174255371
femtolisp-unknown,fib:40:5,45.2315840721130371
femtolisp-unknown,fibc:30:10,13.2708108425140381
femtolisp-unknown,fibfp:35:10,21.5811278820037842
femtolisp-unknown,sum:10000:200000,59.6967010498046875
femtolisp-unknown,sumfp:1000000:500,36.3467891216278076
femtolisp-unknown,fft:65536:100,35.8281521797180176
femtolisp,mbrot,CRASHED
femtolisp,mbrotZ,CRASHED
femtolisp-unknown,nucleic:50,23.1445789337158203
femtolisp,pi,CRASHED
femtolisp-unknown,pnpoly:1000000,94.164186954498291
femtolisp-unknown,ray:50,25.9927351474761963
femtolisp-unknown,simplex:1000000,74.5531539916992188
femtolisp-unknown,ack:3:12:2,42.8869059085845947
femtolisp-unknown,array1:1000000:500,55.4216170310974121
femtolisp-unknown,string:500000:100,3.6064119338989258
femtolisp-unknown,sum1:25,0.8549690246582031
femtolisp-unknown,cat:50,27.1543731689453125
femtolisp-unknown,tail:50,0.7057421207427979
femtolisp-unknown,wc:inputs/bib:50,38.7163679599761963
femtolisp-unknown,read1:2500,1.1855640411376953
femtolisp,compiler,CRASHED
femtolisp-unknown,conform:500,40.5081851482391357
femtolisp,dynamic,CRASHED
femtolisp-unknown,earley:1,29.6876981258392334
femtolisp-unknown,graphs:7:3,88.2595489025115967
femtolisp-unknown,lattice:44:10,110.1370289325714111
femtolisp-unknown,matrix:5:5:2500,30.8746471405029297
femtolisp-unknown,mazefun:11:11:10000,24.7083830833435059
femtolisp-unknown,nqueens:13:10,62.653480052947998
femtolisp-unknown,paraffins:23:10,4.6304728984832764
femtolisp,parsing,CRASHED
femtolisp-unknown,peval:2000,26.5345978736877441
femtolisp-unknown,primes:1000:10000,11.7864680290222168
femtolisp-unknown,quicksort:10000:2500,86.9703879356384277
femtolisp,scheme,CRASHED
femtolisp,slatex,CRASHED
femtolisp,chudnovsky,CRASHED
femtolisp-unknown,nboyer:5:1,11.2461841106414795
femtolisp-unknown,sboyer:5:1,13.3971250057220459
femtolisp,gcbench,CRASHED
femtolisp,mperm,CRASHED
femtolisp-unknown,equal:100:100:8:1000:2000:5000,3.1567859649658203
femtolisp-unknown,bv2string:1000:1000:100,9.708716869354248
foment,browse,CRASHED
foment,deriv,CRASHED
foment,destruc,CRASHED
foment,diviter,CRASHED
foment,divrec,CRASHED
foment-0.4,puzzle:1000,159.62
foment,triangl,CRASHED
foment-0.4,tak:40:20:11:1,64.537
foment-0.4,takl:40:20:12:1,196.427
foment-0.4,ntakl:40:20:12:1,196.158
foment,cpstak,CRASHED
foment,ctak,CRASHED
foment-0.4,fib:40:5,129.106
foment,fibc,CRASHED
foment,fibfp,CRASHED
foment-0.4,sum:10000:200000,133.389
foment,sumfp,CRASHED
foment-0.4,fft:65536:100,71.216
foment,mbrot,CRASHED
foment,mbrotZ,CRASHED
foment,nucleic,CRASHED
foment,pi,CRASHED
foment-0.4,pnpoly:1000000,94.489
foment,ray,CRASHED
foment,simplex,CRASHED
foment-0.4,ack:3:12:2,132.268
foment-0.4,array1:1000000:500,101.219
foment-0.4,string:500000:100,4.956
foment-0.4,sum1:25,1.751
foment-0.4,cat:50,39.009
foment-0.4,tail:50,104.975
foment-0.4,wc:inputs/bib:50,30.992
foment-0.4,read1:2500,3.127
foment-0.4,compiler:2000,125.36
foment,conform,CRASHED
foment-0.4,dynamic:500,114.756
foment,earley,ULIMITKILLED
foment,graphs,ULIMITKILLED
foment,lattice,CRASHED
foment,matrix,CRASHED
foment-0.4,maze:20:7:10000,39.916
foment,mazefun,CRASHED
foment,nqueens,CRASHED
foment,paraffins,ULIMITKILLED
foment-0.4,parsing:2500,66.061
foment,peval,CRASHED
foment-0.4,primes:1000:10000,32.037
foment-0.4,quicksort:10000:2500,102.395
foment-0.4,scheme:100000,84.079
foment-0.4,slatex:500,110.697
foment,chudnovsky,CRASHED
foment,nboyer,ULIMITKILLED
foment,sboyer,ULIMITKILLED
foment,gcbench,ULIMITKILLED
foment,mperm,ULIMITKILLED
foment-0.4,equal:100:100:8:1000:2000:5000,22.853
foment-0.4,bv2string:1000:1000:100,20.462
gambitc-v4.9.3,browse:2000,1.367718
gambitc-v4.9.3,deriv:10000000,1.86482
gambitc-v4.9.3,destruc:600:50:4000,2.543722
gambitc-v4.9.3,diviter:1000:1000000,1.835112
gambitc-v4.9.3,divrec:1000:1000000,3.119001
gambitc-v4.9.3,puzzle:1000,2.092036
gambitc-v4.9.3,triangl:22:1:50,1.581753
gambitc-v4.9.3,tak:40:20:11:1,2.167234
gambitc-v4.9.3,takl:40:20:12:1,1.576527
gambitc-v4.9.3,ntakl:40:20:12:1,1.564566
gambitc-v4.9.3,cpstak:40:20:11:1,3.817966
gambitc-v4.9.3,ctak:32:16:8:1,2.85914
gambitc-v4.9.3,fib:40:5,3.076261
gambitc-v4.9.3,fibc:30:10,2.015953
gambitc-v4.9.3,fibfp:35.:10,1.612938
gambitc-v4.9.3,sum:10000:200000,2.148563
gambitc-v4.9.3,sumfp:1000000.:500,2.363434
gambitc-v4.9.3,fft:65536:100,3.938146
gambitc-v4.9.3,mbrot:75:1000,3.654971
gambitc-v4.9.3,mbrotZ:75:1000,12.681263
gambitc-v4.9.3,nucleic:50,1.503559
gambitc-v4.9.3,pi:50:500:50:100,.927754
gambitc-v4.9.3,pnpoly:1000000,2.570853
gambitc-v4.9.3,ray:50,1.559563
gambitc-v4.9.3,simplex:1000000,1.677634
gambitc-v4.9.3,ack:3:12:2,3.061682
gambitc-v4.9.3,array1:1000000:500,3.800189
gambitc-v4.9.3,string:500000:100,2.594709
gambitc-v4.9.3,sum1:25,1.188327
gambitc-v4.9.3,cat:50,1.733906
gambitc-v4.9.3,tail:50,3.729069
gambitc-v4.9.3,wc:inputs/bib:50,1.380425
gambitc-v4.9.3,read1:2500,2.179062
gambitc,compiler,COMPILEERROR
gambitc-v4.9.3,conform:500,2.598379
gambitc-v4.9.3,dynamic:500,4.774814
gambitc-v4.9.3,earley:1,3.5226
gambitc-v4.9.3,graphs:7:3,9.147831
gambitc-v4.9.3,lattice:44:10,4.274927
gambitc-v4.9.3,matrix:5:5:2500,2.292515
gambitc-v4.9.3,maze:20:7:10000,.835824
gambitc-v4.9.3,mazefun:11:11:10000,2.746197
gambitc-v4.9.3,nqueens:13:10,5.9795
gambitc-v4.9.3,paraffins:23:10,3.706424
gambitc-v4.9.3,parsing:2500,1.931742
gambitc-v4.9.3,peval:2000,2.304628
gambitc-v4.9.3,primes:1000:10000,1.879931
gambitc-v4.9.3,quicksort:10000:2500,4.00099
gambitc-v4.9.3,scheme:100000,3.207495
gambitc-v4.9.3,slatex:500,5.447143
gambitc-v4.9.3,chudnovsky:50:500:50:1000,.840964
gambitc-v4.9.3,nboyer:5:1,3.469484
gambitc-v4.9.3,sboyer:5:1,1.243494
gambitc-v4.9.3,gcbench:20:1,2.38527
gambitc-v4.9.3,mperm:20:10:2:1,8.077454
gambitc-v4.9.3,equal:100:100:8:1000:2000:5000,.419945
gambitc-v4.9.3,bv2string:1000:1000:100,2.222023
gauche-0.9.9,browse:2000,16.943477037
gauche-0.9.9,deriv:10000000,33.209577788
gauche-0.9.9,destruc:600:50:4000,24.649193353
gauche-0.9.9,diviter:1000:1000000,19.505442663
gauche-0.9.9,divrec:1000:1000000,24.803575687
gauche-0.9.9,puzzle:1000,26.029204656
gauche-0.9.9,triangl:22:1:50,20.256615372
gauche-0.9.9,tak:40:20:11:1,21.653780642
gauche-0.9.9,takl:40:20:12:1,62.823536745
gauche-0.9.9,ntakl:40:20:12:1,60.329127758
gauche-0.9.9,cpstak:40:20:11:1,112.804490785
gauche-0.9.9,ctak:32:16:8:1,26.393693858
gauche-0.9.9,fib:40:5,51.500023784
gauche-0.9.9,fibc:30:10,20.608117032
gauche-0.9.9,fibfp:35.0:10,11.466402612
gauche-0.9.9,sum:10000:200000,38.182710508
gauche-0.9.9,sumfp:1000000.0:500,13.29927526
gauche-0.9.9,fft:65536:100,9.744986878
gauche-0.9.9,mbrot:75:1000,21.200704895
gauche-0.9.9,mbrotZ:75:1000,40.334020604
gauche-0.9.9,nucleic:50,21.35002392
gauche-0.9.9,pi:50:500:50:100,4.052910689
gauche-0.9.9,pnpoly:1000000,23.605902397
gauche-0.9.9,ray:50,22.770775368
gauche-0.9.9,simplex:1000000,40.364058696
gauche-0.9.9,ack:3:12:2,115.365722243
gauche-0.9.9,array1:1000000:500,29.037325922
gauche-0.9.9,string:500000:100,1.623717683
gauche-0.9.9,sum1:25,1.408905687
gauche-0.9.9,cat:50,24.161654628
gauche-0.9.9,tail:50,3.934201698
gauche-0.9.9,wc:inputs/bib:50,25.75566775
gauche-0.9.9,read1:2500,3.230541647
gauche-0.9.9,compiler:2000,25.910253709
gauche-0.9.9,conform:500,44.222856264
gauche-0.9.9,dynamic:500,21.836590183
gauche-0.9.9,earley:1,11.59290716
gauche-0.9.9,graphs:7:3,85.746554047
gauche-0.9.9,lattice:44:10,56.082058887
gauche-0.9.9,matrix:5:5:2500,31.967826333
gauche-0.9.9,maze:20:7:10000,20.422354632
gauche-0.9.9,mazefun:11:11:10000,28.237813624
gauche-0.9.9,nqueens:13:10,52.91265494
gauche-0.9.9,paraffins:23:10,9.710886319
gauche-0.9.9,parsing:2500,125.270968223
gauche-0.9.9,peval:2000,39.132830307
gauche-0.9.9,primes:1000:10000,15.836889083
gauche-0.9.9,quicksort:10000:2500,32.626662818
gauche-0.9.9,scheme:100000,29.665663598
gauche-0.9.9,slatex:500,13.615334894
gauche-0.9.9,chudnovsky:50:500:50:1000,1.237445728
gauche-0.9.9,nboyer:5:1,12.358578001
gauche-0.9.9,sboyer:5:1,12.940840126
gauche-0.9.9,gcbench:20:1,23.809770925
gauche-0.9.9,mperm:20:10:2:1,25.282527838
gauche-0.9.9,equal:100:100:8:1000:2000:5000,13.096830723
gauche-0.9.9,bv2string:1000:1000:100,11.804477897
gerbil-v0.16-102,browse:2000,1.18706
gerbil-v0.16-102,deriv:10000000,1.623128
gerbil-v0.16-102,destruc:600:50:4000,2.076689
gerbil-v0.16-102,diviter:1000:1000000,1.664442
gerbil-v0.16-102,divrec:1000:1000000,2.37221
gerbil-v0.16-102,puzzle:1000,2.32976
gerbil-v0.16-102,triangl:22:1:50,1.719571
gerbil-v0.16-102,tak:40:20:11:1,1.692367
gerbil-v0.16-102,takl:40:20:12:1,1.556364
gerbil-v0.16-102,ntakl:40:20:12:1,1.567816
gerbil-v0.16-102,cpstak:40:20:11:1,3.362147
gerbil-v0.16-102,ctak:32:16:8:1,2.67451
gerbil-v0.16-102,fib:40:5,4.305358
gerbil-v0.16-102,fibc:30:10,1.761359
gerbil-v0.16-102,fibfp:35.:10,1.62627
gerbil-v0.16-102,sum:10000:200000,2.071164
gerbil-v0.16-102,sumfp:1000000.:500,1.987596
gerbil-v0.16-102,fft:65536:100,2.984743
gerbil-v0.16-102,mbrot:75:1000,3.254814
gerbil-v0.16-102,mbrotZ:75:1000,11.884153
gerbil-v0.16-102,nucleic:50,1.401679
gerbil-v0.16-102,pi:50:500:50:100,.89606
gerbil-v0.16-102,pnpoly:1000000,2.448674
gerbil-v0.16-102,ray:50,1.493657
gerbil-v0.16-102,simplex:1000000,1.553478
gerbil-v0.16-102,ack:3:12:2,2.709743
gerbil-v0.16-102,array1:1000000:500,3.48358
gerbil-v0.16-102,string:500000:100,2.342943
gerbil-v0.16-102,sum1:25,1.023211
gerbil-v0.16-102,cat:50,1.489132
gerbil-v0.16-102,tail:50,3.022162
gerbil-v0.16-102,wc:inputs/bib:50,1.123215
gerbil-v0.16-102,read1:2500,2.073846
gerbil-v0.16-102,conform:500,2.537942
gerbil-v0.16-102,dynamic:500,4.581703
gerbil-v0.16-102,earley:1,3.374055
gerbil-v0.16-102,graphs:7:3,8.529936
gerbil-v0.16-102,lattice:44:10,4.283572
gerbil-v0.16-102,matrix:5:5:2500,2.136238
gerbil-v0.16-102,maze:20:7:10000,1.324425
gerbil-v0.16-102,mazefun:11:11:10000,2.728359
gerbil-v0.16-102,nqueens:13:10,5.593251
gerbil-v0.16-102,paraffins:23:10,3.402313
gerbil-v0.16-102,parsing:2500,1.867443
gerbil-v0.16-102,peval:2000,2.48765
gerbil-v0.16-102,primes:1000:10000,1.834425
gerbil-v0.16-102,quicksort:10000:2500,3.860149
gerbil-v0.16-102,scheme:100000,3.559878
gerbil-v0.16-102,slatex:500,3.820998
gerbil-v0.16-102,chudnovsky:50:500:50:1000,.431333
gerbil-v0.16-102,nboyer:5:1,2.643162
gerbil-v0.16-102,sboyer:5:1,1.040824
gerbil-v0.16-102,gcbench:20:1,1.773565
gerbil-v0.16-102,mperm:20:10:2:1,6.266371
gerbil-v0.16-102,equal:100:100:8:1000:2000:5000,.298326
gerbil-v0.16-102,bv2string:1000:1000:100,1.277689
guile-3.0.4,browse:2000,7.943841126
guile-3.0.4,deriv:10000000,11.373454327
guile-3.0.4,destruc:600:50:4000,5.137302042
guile-3.0.4,diviter:1000:1000000,7.305183048
guile-3.0.4,divrec:1000:1000000,9.912028456
guile-3.0.4,puzzle:1000,12.080593938
guile-3.0.4,triangl:22:1:50,6.681716675
guile-3.0.4,tak:40:20:11:1,3.829806501
guile-3.0.4,takl:40:20:12:1,7.6821939
guile-3.0.4,ntakl:40:20:12:1,7.635032761
guile-3.0.4,cpstak:40:20:11:1,30.054225819
guile,ctak,ULIMITKILLED
guile-3.0.4,fib:40:5,9.265605961
guile-3.0.4,fibc:30:10,72.935811901
guile-3.0.4,fibfp:35.0:10,13.382956845
guile-3.0.4,sum:10000:200000,6.362382223
guile-3.0.4,sumfp:1000000.0:500,23.475112423
guile-3.0.4,fft:65536:100,5.073134517
guile-3.0.4,mbrot:75:1000,26.391291629
guile-3.0.4,mbrotZ:75:1000,27.93549634
guile-3.0.4,nucleic:50,7.468073137
guile-3.0.4,pi:50:500:50:100,0.133541242
guile-3.0.4,pnpoly:1000000,16.534459733
guile-3.0.4,ray:50,8.920219189
guile-3.0.4,simplex:1000000,8.787618343
guile-3.0.4,ack:3:12:2,5.856549499
guile-3.0.4,array1:1000000:500,6.622263822
guile-3.0.4,string:500000:100,0.984847984
guile-3.0.4,sum1:25,2.843033271
guile-3.0.4,cat:50,20.361053883
guile-3.0.4,tail:50,7.319010049
guile-3.0.4,wc:inputs/bib:50,14.849559186
guile-3.0.4,read1:2500,4.486451321
guile-3.0.4,compiler:2000,4.063185916
guile-3.0.4,conform:500,8.532617134
guile-3.0.4,dynamic:500,5.53959979
guile-3.0.4,earley:1,5.849762709
guile-3.0.4,graphs:7:3,17.359716644
guile-3.0.4,lattice:44:10,11.430606375
guile-3.0.4,matrix:5:5:2500,6.915940784
guile-3.0.4,maze:20:7:10000,3.746029193
guile-3.0.4,mazefun:11:11:10000,6.653901149
guile-3.0.4,nqueens:13:10,12.823143691
guile-3.0.4,paraffins:23:10,5.473961035
guile-3.0.4,parsing:2500,7.468495771
guile-3.0.4,peval:2000,7.941449496
guile-3.0.4,primes:1000:10000,5.599057998
guile-3.0.4,quicksort:10000:2500,11.8366496
guile-3.0.4,scheme:100000,11.921636482
guile-3.0.4,slatex:500,8.373783123
guile-3.0.4,chudnovsky:50:500:50:1000,0.218762988
guile-3.0.4,nboyer:5:1,3.281856601
guile-3.0.4,sboyer:5:1,2.84966844
guile-3.0.4,gcbench:20:1,1.967899901
guile-3.0.4,mperm:20:10:2:1,9.017318866
guile,equal,ULIMITKILLED
guile-3.0.4,bv2string:1000:1000:100,3.982127686
guile-2.2.6,browse:2000,18.36062049
guile-2.2.6,deriv:10000000,26.452861033
guile-2.2.6,destruc:600:50:4000,12.917808956
guile-2.2.6,diviter:1000:1000000,16.305656737
guile-2.2.6,divrec:1000:1000000,21.681796948
guile-2.2.6,puzzle:1000,23.70082333
guile-2.2.6,triangl:22:1:50,18.658155906
guile-2.2.6,tak:40:20:11:1,20.268777495
guile-2.2.6,takl:40:20:12:1,33.929667081
guile-2.2.6,ntakl:40:20:12:1,34.250847939
guile-2.2.6,cpstak:40:20:11:1,58.933047958
guile,ctak,ULIMITKILLED
guile-2.2.6,fib:40:5,45.681007939
guile-2.2.6,fibc:30:10,103.547246581
guile-2.2.6,fibfp:35.0:10,29.739866383
guile-2.2.6,sum:10000:200000,15.648858251
guile-2.2.6,sumfp:1000000.0:500,45.452105284
guile-2.2.6,fft:65536:100,10.947474295
guile-2.2.6,mbrot:75:1000,64.700367525
guile-2.2.6,mbrotZ:75:1000,68.875997434
guile-2.2.6,nucleic:50,26.156159487
guile-2.2.6,pi:50:500:50:100,0.350828482
guile-2.2.6,pnpoly:1000000,26.652974694
guile-2.2.6,ray:50,37.160211609
guile-2.2.6,simplex:1000000,33.815104951
guile-2.2.6,ack:3:12:2,29.237595538
guile-2.2.6,array1:1000000:500,12.46648575
guile-2.2.6,string:500000:100,1.194272684
guile-2.2.6,sum1:25,3.647838168
guile-2.2.6,cat:50,30.032240028
guile-2.2.6,tail:50,8.871118601
guile-2.2.6,wc:inputs/bib:50,30.110867503
guile-2.2.6,read1:2500,6.250756444
guile-2.2.6,compiler:2000,17.727496793
guile-2.2.6,conform:500,38.24505794
guile-2.2.6,dynamic:500,13.430668235
guile-2.2.6,earley:1,8.593478231
guile-2.2.6,graphs:7:3,31.355060997
guile-2.2.6,lattice:44:10,35.154369222
guile-2.2.6,matrix:5:5:2500,16.430738747
guile-2.2.6,maze:20:7:10000,15.020865268
guile-2.2.6,mazefun:11:11:10000,22.927607561
guile-2.2.6,nqueens:13:10,32.649060434
guile-2.2.6,paraffins:23:10,5.77879292
guile-2.2.6,parsing:2500,22.732485841
guile-2.2.6,peval:2000,24.106353987
guile-2.2.6,primes:1000:10000,9.513454457
guile-2.2.6,quicksort:10000:2500,20.173960722
guile-2.2.6,scheme:100000,25.53337081
guile-2.2.6,slatex:500,13.223942711
guile-2.2.6,chudnovsky:50:500:50:1000,0.812676095
guile-2.2.6,nboyer:5:1,7.154200731
guile-2.2.6,sboyer:5:1,7.967358302
guile-2.2.6,gcbench:20:1,4.876984688
guile-2.2.6,mperm:20:10:2:1,14.689967951
guile,equal,ULIMITKILLED
guile-2.2.6,bv2string:1000:1000:100,6.449575272
ironscheme-1.0.101-0fdbfcf,browse:2000,20.636258
ironscheme-1.0.101-0fdbfcf,deriv:10000000,18.51932
ironscheme,destruc,ULIMITKILLED
ironscheme-1.0.101-0fdbfcf,diviter:1000:1000000,9.862497
ironscheme-1.0.101-0fdbfcf,divrec:1000:1000000,13.816518
ironscheme,puzzle,ULIMITKILLED
ironscheme-1.0.101-0fdbfcf,triangl:22:1:50,111.034006
ironscheme-1.0.101-0fdbfcf,tak:40:20:11:1,88.843237
ironscheme-1.0.101-0fdbfcf,takl:40:20:12:1,16.143506
ironscheme-1.0.101-0fdbfcf,ntakl:40:20:12:1,15.428299
ironscheme-1.0.101-0fdbfcf,cpstak:40:20:11:1,202.902851
ironscheme,ctak,ULIMITKILLED
ironscheme-1.0.101-0fdbfcf,fib:40:5,231.443796
ironscheme,fibc,ULIMITKILLED
ironscheme,fibfp,ULIMITKILLED
ironscheme,sum,ULIMITKILLED
ironscheme,sumfp,ULIMITKILLED
ironscheme-1.0.101-0fdbfcf,fft:65536:100,81.090011
ironscheme,mbrot,ULIMITKILLED
ironscheme,mbrotZ,ULIMITKILLED
ironscheme,nucleic,ULIMITKILLED
ironscheme,pi,CRASHED
ironscheme,pnpoly,ULIMITKILLED
ironscheme,ray,CRASHED
ironscheme,simplex,ULIMITKILLED
ironscheme-1.0.101-0fdbfcf,ack:3:12:2,273.733125
ironscheme-1.0.101-0fdbfcf,array1:1000000:500,187.044496
ironscheme-1.0.101-0fdbfcf,string:500000:100,3.656333
ironscheme,sum1,ULIMITKILLED
ironscheme-1.0.101-0fdbfcf,cat:50,102.530559
ironscheme-1.0.101-0fdbfcf,tail:50,3.077674
ironscheme-1.0.101-0fdbfcf,wc:inputs/bib:50,133.90673
ironscheme-1.0.101-0fdbfcf,read1:2500,96.100379
ironscheme-1.0.101-0fdbfcf,conform:500,23.388005
ironscheme-1.0.101-0fdbfcf,dynamic:500,79.606508
ironscheme-1.0.101-0fdbfcf,earley:1,42.398131
ironscheme-1.0.101-0fdbfcf,graphs:7:3,72.040848
ironscheme-1.0.101-0fdbfcf,lattice:44:10,39.955455
ironscheme,maze,ULIMITKILLED
ironscheme-1.0.101-0fdbfcf,mazefun:11:11:10000,162.648491
ironscheme-1.0.101-0fdbfcf,nqueens:13:10,240.780698
ironscheme-1.0.101-0fdbfcf,paraffins:23:10,19.921755
ironscheme-1.0.101-0fdbfcf,parsing:2500,62.649931
ironscheme-1.0.101-0fdbfcf,peval:2000,22.491333
ironscheme,primes,ULIMITKILLED
ironscheme-1.0.101-0fdbfcf,scheme:100000,35.412028
ironscheme-1.0.101-0fdbfcf,slatex:500,35.301025
ironscheme,chudnovsky,CRASHED
ironscheme-1.0.101-0fdbfcf,nboyer:5:1,13.497408
ironscheme-1.0.101-0fdbfcf,sboyer:5:1,9.682798
ironscheme-1.0.101-0fdbfcf,mperm:20:10:2:1,119.138401
ironscheme-1.0.101-0fdbfcf,equal:100:100:8:1000:2000:5000,8.189466
ironscheme,bv2string,ULIMITKILLED
kawa-3.1.1,browse:2000,27.89292445
kawa-3.1.1,deriv:10000000,24.96057289
kawa-3.1.1,destruc:600:50:4000,64.608064207
kawa-3.1.1,diviter:1000:1000000,32.323621072
kawa-3.1.1,divrec:1000:1000000,33.551553562
kawa-3.1.1,puzzle:1000,74.788428244
kawa-3.1.1,triangl:22:1:50,45.935695415
kawa-3.1.1,tak:40:20:11:1,45.910314833
kawa-3.1.1,takl:40:20:12:1,128.10247606
kawa-3.1.1,ntakl:40:20:12:1,128.909087221
kawa,cpstak,CRASHED
kawa-3.1.1,ctak:32:16:8:1,88.674316635
kawa-3.1.1,fib:40:5,116.519058056
kawa-3.1.1,fibc:30:10,67.57491348
kawa-3.1.1,fibfp:35.0:10,21.358575294
kawa-3.1.1,sum:10000:200000,170.378345933
kawa-3.1.1,sumfp:1000000.0:500,69.755222845
kawa-3.1.1,fft:65536:100,112.575276186
kawa-3.1.1,mbrot:75:1000,96.905151965
kawa-3.1.1,mbrotZ:75:1000,79.759034158
kawa-3.1.1,nucleic:50,33.712083577
kawa,pi,ULIMITKILLED
kawa-3.1.1,pnpoly:1000000,107.817032802
kawa-3.1.1,ray:50,40.809689145
kawa-3.1.1,simplex:1000000,56.419009744
kawa,ack,CRASHED
kawa-3.1.1,array1:1000000:500,269.020490375
kawa-3.1.1,string:500000:100,3.990424565
kawa-3.1.1,sum1:25,1.838613109
kawa-3.1.1,cat:50,13.441089897
kawa-3.1.1,tail:50,2.222518724
kawa-3.1.1,wc:inputs/bib:50,9.254204714
kawa-3.1.1,read1:2500,4.460648667
kawa-3.1.1,compiler:2000,30.248617579
kawa,conform,CRASHED
kawa-3.1.1,dynamic:500,44.142749422
kawa-3.1.1,earley:1,27.351213793
kawa,graphs,CRASHED
kawa-3.1.1,lattice:44:10,87.791525808
kawa-3.1.1,matrix:5:5:2500,31.980683919
kawa-3.1.1,maze:20:7:10000,29.480775487
kawa-3.1.1,mazefun:11:11:10000,76.13254223
kawa-3.1.1,nqueens:13:10,182.96615125
kawa-3.1.1,paraffins:23:10,32.8616135
kawa,parsing,CRASHED
kawa-3.1.1,peval:2000,44.440782419
kawa-3.1.1,primes:1000:10000,22.901232034
kawa-3.1.1,quicksort:10000:2500,92.013133861
kawa-3.1.1,scheme:100000,71.577255326
kawa-3.1.1,slatex:500,13.520594991
kawa-3.1.1,chudnovsky:50:500:50:1000,74.434108025
kawa-3.1.1,nboyer:5:1,20.680556195
kawa-3.1.1,sboyer:5:1,19.46877618
kawa-3.1.1,gcbench:20:1,6.543475435
kawa-3.1.1,mperm:20:10:2:1,99.263774715
kawa,equal,CRASHED
kawa-3.1.1,bv2string:1000:1000:100,17.978054888
larceny-1.3,browse:2000,2.754498
larceny-1.3,deriv:10000000,3.264192
larceny-1.3,destruc:600:50:4000,3.40607
larceny-1.3,diviter:1000:1000000,3.956755
larceny-1.3,divrec:1000:1000000,5.425918
larceny-1.3,puzzle:1000,4.953853
larceny-1.3,triangl:22:1:50,3.672129
larceny-1.3,tak:40:20:11:1,2.19484
larceny-1.3,takl:40:20:12:1,4.039465
larceny-1.3,ntakl:40:20:12:1,3.718807
larceny-1.3,cpstak:40:20:11:1,4.124605
larceny-1.3,ctak:32:16:8:1,8.315787
larceny-1.3,fib:40:5,5.593598
larceny-1.3,fibc:30:10,5.381398
larceny-1.3,fibfp:35.0:10,2.956619
larceny-1.3,sum:10000:200000,3.204574
larceny-1.3,sumfp:1000000.0:500,4.720654
larceny-1.3,fft:65536:100,4.319304
larceny-1.3,mbrot:75:1000,6.667674
larceny-1.3,mbrotZ:75:1000,19.140574
larceny-1.3,nucleic:50,3.203709
larceny-1.3,pi:50:500:50:100,44.358467
larceny-1.3,pnpoly:1000000,5.711763
larceny-1.3,ray:50,5.687748
larceny-1.3,simplex:1000000,6.717031
larceny-1.3,ack:3:12:2,4.498142
larceny-1.3,array1:1000000:500,3.509391
larceny-1.3,string:500000:100,16.53486
larceny-1.3,sum1:25,5.201136
larceny-1.3,cat:50,4.582401
larceny-1.3,tail:50,10.085064
larceny-1.3,wc:inputs/bib:50,3.059779
larceny-1.3,read1:2500,7.729501
larceny-1.3,compiler:2000,4.282107
larceny-1.3,conform:500,6.23875
larceny-1.3,dynamic:500,6.304647
larceny-1.3,earley:1,4.798254
larceny-1.3,graphs:7:3,4.669799
larceny-1.3,lattice:44:10,5.203213
larceny-1.3,matrix:5:5:2500,2.888678
larceny-1.3,maze:20:7:10000,2.83165
larceny-1.3,mazefun:11:11:10000,3.807763
larceny-1.3,nqueens:13:10,8.30999
larceny-1.3,paraffins:23:10,4.842726
larceny-1.3,parsing:2500,5.452503
larceny-1.3,peval:2000,4.772699
larceny-1.3,primes:1000:10000,2.586663
larceny-1.3,quicksort:10000:2500,5.358102
larceny-1.3,scheme:100000,4.129995
larceny-1.3,slatex:500,4.968093
larceny-1.3,chudnovsky:50:500:50:1000,13.722026
larceny-1.3,nboyer:5:1,3.243965
larceny-1.3,sboyer:5:1,1.999905
larceny-1.3,gcbench:20:1,12.346213
larceny-1.3,mperm:20:10:2:1,7.595646
larceny-1.3,equal:100:100:8:1000:2000:5000,4.094914
larceny-1.3,bv2string:1000:1000:100,4.10999
mit-10.1.10,browse:2000,11.703
mit-10.1.10,deriv:10000000,9.426
mit-10.1.10,destruc:600:50:4000,6.648
mit-10.1.10,diviter:1000:1000000,3.36
mit-10.1.10,divrec:1000:1000000,4.315
mit-10.1.10,puzzle:1000,24.597
mit-10.1.10,triangl:22:1:50,3.403
mit-10.1.10,tak:40:20:11:1,2.783
mit-10.1.10,takl:40:20:12:1,6.551
mit-10.1.10,ntakl:40:20:12:1,6.548
mit-10.1.10,cpstak:40:20:11:1,122.417
mit,ctak,ULIMITKILLED
mit-10.1.10,fib:40:5,6.49
mit,fibc,ULIMITKILLED
mit-10.1.10,fibfp:35.:10,9.354
mit-10.1.10,sum:10000:200000,7.799
mit-10.1.10,sumfp:1000000.:500,17.346
mit-10.1.10,fft:65536:100,5.22
mit-10.1.10,mbrot:75:1000,21.427
mit-10.1.10,mbrotZ:75:1000,26.389
mit-10.1.10,nucleic:50,8.639
mit-10.1.10,pi:50:500:50:100,1.988
mit-10.1.10,pnpoly:1000000,15.774
mit-10.1.10,ray:50,25.917
mit-10.1.10,simplex:1000000,9.444
mit-10.1.10,ack:3:12:2,4.954
mit-10.1.10,array1:1000000:500,5.733
mit-10.1.10,string:500000:100,19.77
mit-10.1.10,sum1:25,96.708
mit,cat,ULIMITKILLED
mit,tail,ULIMITKILLED
mit,wc,ULIMITKILLED
mit-10.1.10,read1:2500,171.494
mit-10.1.10,compiler:2000,9.159
mit-10.1.10,conform:500,7.428
mit-10.1.10,dynamic:500,107.013
mit-10.1.10,earley:1,2.682
mit-10.1.10,graphs:7:3,21.97
mit-10.1.10,lattice:44:10,13.081
mit-10.1.10,matrix:5:5:2500,11.86
mit-10.1.10,maze:20:7:10000,5.76
mit-10.1.10,mazefun:11:11:10000,7.069
mit-10.1.10,nqueens:13:10,11.594
mit-10.1.10,paraffins:23:10,1.916
mit,parsing,CRASHED
mit-10.1.10,peval:2000,12.493
mit-10.1.10,primes:1000:10000,8.134
mit-10.1.10,quicksort:10000:2500,7.12
mit-10.1.10,scheme:100000,10.154
mit-10.1.10,slatex:500,117.539
mit-10.1.10,chudnovsky:50:500:50:1000,.721
mit-10.1.10,nboyer:5:1,1.946
mit-10.1.10,sboyer:5:1,1.592
mit-10.1.10,gcbench:20:1,4.907
mit-10.1.10,mperm:20:10:2:1,4.12
mit,equal,ULIMITKILLED
mit-10.1.10,bv2string:1000:1000:100,12.147
petite-9.5.1-m64,browse:2000,15.946314896
petite-9.5.1-m64,deriv:10000000,5.88943532
petite-9.5.1-m64,destruc:600:50:4000,19.991904029
petite-9.5.1-m64,diviter:1000:1000000,11.104832766
petite-9.5.1-m64,divrec:1000:1000000,10.060469748
petite-9.5.1-m64,puzzle:1000,34.022370311
petite-9.5.1-m64,triangl:22:1:50,21.739977951
petite-9.5.1-m64,tak:40:20:11:1,16.921153834
petite-9.5.1-m64,takl:40:20:12:1,49.776075362
petite-9.5.1-m64,ntakl:40:20:12:1,50.155159407
petite-9.5.1-m64,cpstak:40:20:11:1,56.06345436
petite-9.5.1-m64,ctak:32:16:8:1,3.496402678
petite-9.5.1-m64,fib:40:5,34.212866487
petite-9.5.1-m64,fibc:30:10,3.189690289
petite-9.5.1-m64,fibfp:35.0:10,7.701129651
petite-9.5.1-m64,sum:10000:200000,47.390260169
petite-9.5.1-m64,sumfp:1000000.0:500,13.820128533
petite-9.5.1-m64,fft:65536:100,11.819517707
petite-9.5.1-m64,mbrot:75:1000,22.870717566
petite-9.5.1-m64,mbrotZ:75:1000,35.383794015
petite-9.5.1-m64,nucleic:50,9.476864358
petite-9.5.1-m64,pi:50:500:50:100,0.527153428
petite-9.5.1-m64,pnpoly:1000000,21.868351837
petite-9.5.1-m64,ray:50,11.124448118
petite-9.5.1-m64,simplex:1000000,38.887100881
petite-9.5.1-m64,ack:3:12:2,35.992224258
petite-9.5.1-m64,array1:1000000:500,35.083513882
petite-9.5.1-m64,string:500000:100,4.834725313
petite-9.5.1-m64,sum1:25,1.530391203
petite-9.5.1-m64,cat:50,10.44033175
petite-9.5.1-m64,tail:50,2.520871802
petite-9.5.1-m64,wc:inputs/bib:50,20.720633443
petite-9.5.1-m64,read1:2500,0.844191663
petite-9.5.1-m64,compiler:2000,26.013080174
petite-9.5.1-m64,conform:500,24.701473477
petite-9.5.1-m64,dynamic:500,12.991380479
petite-9.5.1-m64,earley:1,21.221274895
petite-9.5.1-m64,graphs:7:3,68.498686505
petite-9.5.1-m64,lattice:44:10,72.454084906
petite-9.5.1-m64,matrix:5:5:2500,28.566553315
petite-9.5.1-m64,maze:20:7:10000,12.261078778
petite-9.5.1-m64,mazefun:11:11:10000,24.612564741
petite-9.5.1-m64,nqueens:13:10,50.496820087
petite-9.5.1-m64,paraffins:23:10,9.388865931
petite-9.5.1-m64,parsing:2500,17.33882261
petite-9.5.1-m64,peval:2000,23.90477344
petite-9.5.1-m64,primes:1000:10000,7.018889055
petite-9.5.1-m64,quicksort:10000:2500,45.791916271
petite-9.5.1-m64,scheme:100000,18.705436616
petite-9.5.1-m64,slatex:500,11.937884545
petite-9.5.1-m64,chudnovsky:50:500:50:1000,0.334187528
petite-9.5.1-m64,nboyer:5:1,10.593034474
petite-9.5.1-m64,sboyer:5:1,12.330113311
petite-9.5.1-m64,gcbench:20:1,8.79091974
petite-9.5.1-m64,mperm:20:10:2:1,34.377874293
petite-9.5.1-m64,equal:100:100:8:1000:2000:5000,0.804854369
petite-9.5.1-m64,bv2string:1000:1000:100,4.665313564
picrin-unknown,browse:2000,75.19580499999999
picrin-unknown,deriv:10000000,61.490846
picrin-unknown,destruc:600:50:4000,70.289832
picrin-unknown,diviter:1000:1000000,42.354184
picrin-unknown,divrec:1000:1000000,41.616662
picrin-unknown,puzzle:1000,146.301602
picrin-unknown,triangl:22:1:50,59.561861
picrin-unknown,tak:40:20:11:1,37.073073
picrin-unknown,takl:40:20:12:1,146.400441
picrin-unknown,ntakl:40:20:12:1,99.381316
picrin-unknown,cpstak:40:20:11:1,88.50063
picrin,ctak,ULIMITKILLED
picrin-unknown,fib:40:5,74.836943
picrin,fibc,ULIMITKILLED
picrin-unknown,fibfp:35.0:10,13.406692
picrin-unknown,sum:10000:200000,89.917188
picrin-unknown,sumfp:1000000.0:500,21.9644
picrin-unknown,fft:65536:100,22.998331
picrin-unknown,mbrot:75:1000,25.388956
picrin,mbrotZ,CRASHED
picrin-unknown,nucleic:50,27.964974
picrin,pi,CRASHED
picrin,pnpoly,CRASHED
picrin-unknown,ray:50,28.667726
picrin-unknown,simplex:1000000,62.321349
picrin,ack,CRASHED
picrin-unknown,array1:1000000:500,83.626077
picrin-unknown,string:500000:100,0.033261
picrin-unknown,sum1:25,1.564985
picrin-unknown,cat:50,98.323441
picrin-unknown,tail:50,7.328603
picrin-unknown,wc:inputs/bib:50,77.963018
picrin-unknown,read1:2500,2.187182
picrin,compiler,CRASHED
picrin-unknown,conform:500,78.274821
picrin,dynamic,CRASHED
picrin,earley,ULIMITKILLED
picrin-unknown,graphs:7:3,291.163838
picrin-unknown,lattice:44:10,206.825842
picrin-unknown,matrix:5:5:2500,63.616887
picrin-unknown,maze:20:7:10000,69.020181
picrin-unknown,mazefun:11:11:10000,46.307823
picrin-unknown,nqueens:13:10,120.4903
picrin,paraffins,CRASHED
picrin,parsing,CRASHED
picrin-unknown,peval:2000,86.579259
picrin,primes,CRASHED
picrin-unknown,quicksort:10000:2500,72.332355
picrin,scheme,CRASHED
picrin,slatex,CRASHED
picrin,chudnovsky,CRASHED
picrin-unknown,nboyer:5:1,51.207572
picrin-unknown,sboyer:5:1,34.171143
picrin-unknown,gcbench:20:1,61.884331
picrin,mperm,ULIMITKILLED
picrin,equal,ULIMITKILLED
picrin-unknown,bv2string:1000:1000:100,111.020551
rscheme,browse,COMPILEERROR
rscheme-unknown,deriv:10000000,58.6449
rscheme-unknown,destruc:600:50:4000,46.3281
rscheme-unknown,puzzle:1000,47.9742
rscheme-unknown,triangl:22:1:50,26.4116
rscheme-unknown,tak:40:20:11:1,30.9769
rscheme-unknown,takl:40:20:12:1,77.9039
rscheme-unknown,ntakl:40:20:12:1,52.2198
rscheme-unknown,cpstak:40:20:11:1,166.71
rscheme-unknown,ctak:32:16:8:1,40.4819
rscheme-unknown,fib:40:5,58.4861
rscheme-unknown,fibc:30:10,28.9788
rscheme-unknown,fibfp:35.:10,24.7236
rscheme-unknown,sum:10000:200000,46.9159
rscheme-unknown,sumfp:1e+06:500,35.0236
rscheme-unknown,mbrot:75:1000,54.0279
rscheme,mbrotZ,COMPILEERROR
rscheme-unknown,nucleic:50,61.2367
rscheme-unknown,pnpoly:1000000,54.6196
rscheme-unknown,simplex:1000000,70.8829
rscheme-unknown,array1:1000000:500,31.3701
rscheme-unknown,string:500000:100,0.644253
rscheme-unknown,sum1:25,9.36344
rscheme-unknown,wc:inputs/bib:50,42.7486
rscheme-unknown,read1:2500,8.92387
rscheme,compiler,COMPILEERROR
rscheme-unknown,conform:500,98.1067
rscheme-unknown,dynamic:500,65.059
rscheme-unknown,earley:1,33.4014
rscheme-unknown,graphs:7:3,138.846
rscheme-unknown,lattice:44:10,117.637
rscheme-unknown,matrix:5:5:2500,62.9575
rscheme,maze,COMPILEERROR
rscheme-unknown,mazefun:11:11:10000,50.4345
rscheme-unknown,nqueens:13:10,89.9338
rscheme-unknown,paraffins:23:10,12.7982
rscheme-unknown,parsing:2500,51.1919
rscheme,peval,COMPILEERROR
rscheme-unknown,primes:1000:10000,18.6904
rscheme,quicksort,COMPILEERROR
rscheme,scheme,COMPILEERROR
rscheme,slatex,COMPILEERROR
rscheme-unknown,nboyer:5:1,19.8179
rscheme-unknown,sboyer:5:1,20.4612
rscheme-unknown,mperm:20:10:2:1,79.6014
racket-7.7/r7rs,browse:2000,5.481
racket-7.7/r7rs,deriv:10000000,3.592
racket-7.7/r7rs,destruc:600:50:4000,4.916
racket-7.7/r7rs,diviter:1000:1000000,2.73
racket-7.7/r7rs,divrec:1000:1000000,4.582
racket-7.7/r7rs,puzzle:1000,6.241
racket-7.7/r7rs,triangl:22:1:50,4.186
racket-7.7/r7rs,tak:40:20:11:1,2.961
racket-7.7/r7rs,takl:40:20:12:1,6.239
racket-7.7/r7rs,ntakl:40:20:12:1,6.315
racket-7.7/r7rs,cpstak:40:20:11:1,7.324
racket-7.7/r7rs,ctak:32:16:8:1,139.743
racket-7.7/r7rs,fib:40:5,5.221
racket-7.7/r7rs,fibc:30:10,77.476
racket-7.7/r7rs,fibfp:35.0:10,2.074
racket-7.7/r7rs,sum:10000:200000,4.392
racket-7.7/r7rs,sumfp:1000000.0:500,3.157
racket-7.7/r7rs,fft:65536:100,3.593
racket-7.7/r7rs,mbrot:75:1000,4.168
racket-7.7/r7rs,mbrotZ:75:1000,24.381
racket-7.7/r7rs,nucleic:50,2.01
racket-7.7/r7rs,pi:50:500:50:100,0.199
racket-7.7/r7rs,pnpoly:1000000,4.385
racket-7.7/r7rs,ray:50,2.063
racket-7.7/r7rs,simplex:1000000,3.226
racket-7.7/r7rs,ack:3:12:2,5.61
racket-7.7/r7rs,array1:1000000:500,4.571
racket-7.7/r7rs,string:500000:100,2.913
racket-7.7/r7rs,sum1:25,18.212
racket-7.7/r7rs,cat:50,8.836
racket-7.7/r7rs,tail:50,2.992
racket-7.7/r7rs,wc:inputs/bib:50,6.013
racket-7.7/r7rs,read1:2500,25.635
racket-7.7/r7rs,compiler:2000,3.284
racket-7.7/r7rs,conform:500,4.692
racket-7.7/r7rs,dynamic:500,18.118
racket-7.7/r7rs,earley:1,6.438
racket-7.7/r7rs,graphs:7:3,5.461
racket-7.7/r7rs,lattice:44:10,7.549
racket-7.7/r7rs,matrix:5:5:2500,3.268
racket-7.7/r7rs,maze:20:7:10000,1.679
racket-7.7/r7rs,mazefun:11:11:10000,4.858
racket-7.7/r7rs,nqueens:13:10,8.7
racket-7.7/r7rs,paraffins:23:10,10.829
racket-7.7/r7rs,parsing:2500,4.705
racket-7.7/r7rs,peval:2000,3.854
racket-7.7/r7rs,primes:1000:10000,2.706
racket-7.7/r7rs,quicksort:10000:2500,15.796
racket-7.7/r7rs,scheme:100000,6.279
racket-7.7/r7rs,slatex:500,6.272
racket-7.7/r7rs,chudnovsky:50:500:50:1000,0.237
racket-7.7/r7rs,nboyer:5:1,5.118
racket-7.7/r7rs,sboyer:5:1,2.174
racket-7.7/r7rs,gcbench:20:1,3.862
racket-7.7/r7rs,mperm:20:10:2:1,18.479
racket-7.7/r7rs,equal:100:100:8:1000:2000:5000,3.358
racket-7.7/r7rs,bv2string:1000:1000:100,2.645
rhizome-unknown,browse:2000,58.716954
rhizome-unknown,deriv:10000000,28.33255
rhizome,destruc,CRASHED
rhizome-unknown,diviter:1000:1000000,45.423099
rhizome-unknown,divrec:1000:1000000,50.908095
rhizome-unknown,puzzle:1000,109.324499
rhizome-unknown,triangl:22:1:50,75.55835
rhizome-unknown,tak:40:20:11:1,82.54529699999999
rhizome-unknown,takl:40:20:12:1,253.802107
rhizome-unknown,ntakl:40:20:12:1,192.561291
rhizome-unknown,cpstak:40:20:11:1,84.052498
rhizome-unknown,ctak:32:16:8:1,8.143227
rhizome-unknown,fib:40:5,140.852318
rhizome-unknown,fibc:30:10,14.737056
rhizome-unknown,fibfp:35.:10,47.049103
rhizome-unknown,sum:10000:200000,175.794708
rhizome-unknown,sumfp:1000000.:500,80.723282
rhizome,fft,CRASHED
rhizome,mbrot,CRASHED
rhizome,mbrotZ,CRASHED
rhizome-unknown,nucleic:50,49.034704
rhizome,pi,CRASHED
rhizome,pnpoly,CRASHED
rhizome,ray,CRASHED
rhizome,simplex,CRASHED
rhizome-unknown,ack:3:12:2,330.643994
rhizome-unknown,array1:1000000:500,106.184158
rhizome-unknown,string:500000:100,1.04684
rhizome,sum1,CRASHED
rhizome,cat,CRASHED
rhizome,tail,CRASHED
rhizome,wc,CRASHED
rhizome,read1,CRASHED
rhizome,compiler,CRASHED
rhizome,conform,CRASHED
rhizome,dynamic,CRASHED
rhizome,earley,CRASHED
rhizome,graphs,CRASHED
rhizome-unknown,lattice:44:10,194.580885
rhizome,matrix,CRASHED
rhizome,maze,CRASHED
rhizome-unknown,mazefun:11:11:10000,78.69907499999999
rhizome,nqueens,CRASHED
rhizome-unknown,paraffins:23:10,91.32589100000001
rhizome,parsing,CRASHED
rhizome-unknown,peval:2000,74.336973
rhizome-unknown,primes:1000:10000,28.623022
rhizome,quicksort,CRASHED
rhizome,scheme,CRASHED
rhizome-unknown,slatex:500,0.006456
rhizome,chudnovsky,CRASHED
rhizome-unknown,nboyer:5:1,105.031335
rhizome-unknown,sboyer:5:1,44.827457
rhizome,gcbench,CRASHED
rhizome,mperm,ULIMITKILLED
rhizome,equal,ULIMITKILLED
rhizome,bv2string,CRASHED
s9fes-2018-12-05,browse:2000,32.2
s9fes,deriv,ULIMITKILLED
s9fes,destruc,ULIMITKILLED
s9fes-2018-12-05,diviter:1000:1000000,86.23
s9fes-2018-12-05,divrec:1000:1000000,92.29
s9fes,puzzle,ULIMITKILLED
s9fes-2018-12-05,triangl:22:1:50,227.1
s9fes,tak,ULIMITKILLED
s9fes,takl,ULIMITKILLED
s9fes,ntakl,ULIMITKILLED
s9fes,cpstak,ULIMITKILLED
s9fes,ctak,ULIMITKILLED
s9fes,fib,ULIMITKILLED
s9fes,fibc,ULIMITKILLED
s9fes-2018-12-05,fibfp:35.0:10,259.45
s9fes,sum,ULIMITKILLED
s9fes,sumfp,ULIMITKILLED
s9fes,fft,ULIMITKILLED
s9fes,mbrot,ULIMITKILLED
s9fes,mbrotZ,CRASHED
s9fes,nucleic,ULIMITKILLED
s9fes,pi,CRASHED
s9fes,pnpoly,ULIMITKILLED
s9fes,ray,ULIMITKILLED
s9fes,simplex,ULIMITKILLED
s9fes,ack,ULIMITKILLED
s9fes,array1,ULIMITKILLED
s9fes-2018-12-05,string:500000:100,2.51
s9fes-2018-12-05,sum1:25,4.71
s9fes-2018-12-05,cat:50,83.27
s9fes,tail,CRASHED
s9fes-2018-12-05,wc:inputs/bib:50,137.58
s9fes-2018-12-05,read1:2500,1.09
s9fes,compiler,CRASHED
s9fes,conform,CRASHED
s9fes,dynamic,CRASHED
s9fes,earley,ULIMITKILLED
s9fes,graphs,ULIMITKILLED
s9fes,lattice,CRASHED
s9fes,matrix,CRASHED
s9fes,maze,CRASHED
s9fes,mazefun,ULIMITKILLED
s9fes,nqueens,ULIMITKILLED
s9fes,paraffins,CRASHED
s9fes,parsing,CRASHED
s9fes,peval,ULIMITKILLED
s9fes,primes,ULIMITKILLED
s9fes,quicksort,ULIMITKILLED
s9fes,scheme,CRASHED
s9fes,slatex,CRASHED
s9fes,chudnovsky,CRASHED
s9fes,nboyer,CRASHED
s9fes,sboyer,CRASHED
s9fes,gcbench,CRASHED
s9fes,mperm,CRASHED
s9fes,equal,ULIMITKILLED
s9fes,bv2string,CRASHED
sisc,browse,CRASHED
sisc,deriv,CRASHED
sisc,destruc,CRASHED
sisc,diviter,CRASHED
sisc,divrec,CRASHED
sisc,puzzle,CRASHED
sisc,triangl,CRASHED
sisc,tak,CRASHED
sisc,takl,CRASHED
sisc,ntakl,CRASHED
sisc,cpstak,CRASHED
sisc,ctak,CRASHED
sisc,fib,CRASHED
sisc,fibc,CRASHED
sisc,fibfp,CRASHED
sisc,sum,CRASHED
sisc,sumfp,CRASHED
sisc,fft,CRASHED
sisc,mbrot,CRASHED
sisc,mbrotZ,CRASHED
sisc,nucleic,CRASHED
sisc,pi,CRASHED
sisc,pnpoly,CRASHED
sisc,ray,CRASHED
sisc,simplex,CRASHED
sisc,ack,CRASHED
sisc,array1,CRASHED
sisc,string,CRASHED
sisc,sum1,CRASHED
sisc,cat,CRASHED
sisc,tail,CRASHED
sisc,wc,CRASHED
sisc,read1,CRASHED
sisc,compiler,CRASHED
sisc,conform,CRASHED
sisc,dynamic,CRASHED
sisc,earley,CRASHED
sisc,graphs,CRASHED
sisc,lattice,CRASHED
sisc,matrix,CRASHED
sisc,maze,CRASHED
sisc,mazefun,CRASHED
sisc,nqueens,CRASHED
sisc,paraffins,CRASHED
sisc,parsing,CRASHED
sisc,peval,CRASHED
sisc,primes,CRASHED
sisc,quicksort,CRASHED
sisc,scheme,CRASHED
sisc,slatex,CRASHED
sisc,chudnovsky,CRASHED
sisc,nboyer,CRASHED
sisc,sboyer,CRASHED
sisc,gcbench,CRASHED
sisc,mperm,CRASHED
sisc,equal,CRASHED
sisc,bv2string,CRASHED
sagittarius-0.9.6,browse:2000,21.605279744
sagittarius-0.9.6,deriv:10000000,36.218142208
sagittarius-0.9.6,destruc:600:50:4000,27.328108032
sagittarius-0.9.6,diviter:1000:1000000,32.916963072
sagittarius-0.9.6,divrec:1000:1000000,36.348025088
sagittarius-0.9.6,puzzle:1000,42.624182016
sagittarius-0.9.6,triangl:22:1:50,24.086712064
sagittarius-0.9.6,tak:40:20:11:1,27.035865088
sagittarius-0.9.6,takl:40:20:12:1,69.978447104
sagittarius-0.9.6,ntakl:40:20:12:1,64.662827008
sagittarius-0.9.6,cpstak:40:20:11:1,100.507640064
sagittarius-0.9.6,ctak:32:16:8:1,24.861012992
sagittarius-0.9.6,fib:40:5,53.696393984
sagittarius-0.9.6,fibc:30:10,20.970607872
sagittarius-0.9.6,fibfp:35.0:10,11.516417024
sagittarius-0.9.6,sum:10000:200000,58.643209728
sagittarius-0.9.6,sumfp:1000000.0:500,16.192956928
sagittarius-0.9.6,fft:65536:100,8.50005376
sagittarius-0.9.6,mbrot:75:1000,68.213340928
sagittarius-0.9.6,mbrotZ:75:1000,109.684851968
sagittarius-0.9.6,nucleic:50,29.354782976
sagittarius-0.9.6,pi:50:500:50:100,8.921868032
sagittarius-0.9.6,pnpoly:1000000,27.754021888
sagittarius-0.9.6,ray:50,28.056062976
sagittarius-0.9.6,simplex:1000000,38.608956928
sagittarius-0.9.6,ack:3:12:2,103.555902976
sagittarius-0.9.6,array1:1000000:500,35.702166272
sagittarius-0.9.6,string:500000:100,7.135880192
sagittarius-0.9.6,sum1:25,6.199607296
sagittarius-0.9.6,cat:50,112.40079488
sagittarius-0.9.6,tail:50,16.892591104
sagittarius-0.9.6,wc:inputs/bib:50,44.75862784
sagittarius-0.9.6,read1:2500,6.379798272
sagittarius-0.9.6,compiler:2000,23.314653952
sagittarius-0.9.6,conform:500,39.627116032
sagittarius-0.9.6,dynamic:500,21.925748736
sagittarius-0.9.6,earley:1,12.196815872
sagittarius-0.9.6,graphs:7:3,55.844889856
sagittarius-0.9.6,lattice:44:10,56.699344128
sagittarius-0.9.6,matrix:5:5:2500,29.921369856
sagittarius-0.9.6,maze:20:7:10000,27.301972224
sagittarius-0.9.6,mazefun:11:11:10000,32.215488
sagittarius-0.9.6,nqueens:13:10,68.852543744
sagittarius-0.9.6,paraffins:23:10,8.361156096
sagittarius-0.9.6,parsing:2500,28.195719936
sagittarius-0.9.6,peval:2000,32.39715328
sagittarius-0.9.6,primes:1000:10000,16.489593088
sagittarius-0.9.6,quicksort:10000:2500,35.578540032
sagittarius-0.9.6,scheme:100000,31.611115776
sagittarius-0.9.6,slatex:500,14.865082112
sagittarius-0.9.6,chudnovsky:50:500:50:1000,2.531034112
sagittarius-0.9.6,nboyer:5:1,13.02936192
sagittarius-0.9.6,sboyer:5:1,13.186752
sagittarius-0.9.6,gcbench:20:1,136.713808128
sagittarius-0.9.6,mperm:20:10:2:1,33.689483776
sagittarius-0.9.6,equal:100:100:8:1000:2000:5000,5.076344064
sagittarius-0.9.6,bv2string:1000:1000:100,16.408148224
scheme48-unknown,browse:2000,28.962875
scheme48,browse,CRASHED
scheme48-unknown,deriv:10000000,22.08225
scheme48,deriv,CRASHED
scheme48-unknown,destruc:600:50:4000,54.49613
scheme48,destruc,CRASHED
scheme48-unknown,diviter:1000:1000000,21.821828
scheme48,diviter,CRASHED
scheme48-unknown,divrec:1000:1000000,23.02625
scheme48,divrec,CRASHED
scheme48-unknown,puzzle:1000,46.883592
scheme48,puzzle,CRASHED
scheme48-unknown,triangl:22:1:50,34.739039
scheme48,triangl,CRASHED
scheme48-unknown,tak:40:20:11:1,35.272745
scheme48,tak,CRASHED
scheme48-unknown,takl:40:20:12:1,111.169154
scheme48,takl,CRASHED
scheme48-unknown,ntakl:40:20:12:1,92.95415
scheme48,ntakl,CRASHED
scheme48-unknown,cpstak:40:20:11:1,70.135305
scheme48,cpstak,CRASHED
scheme48-unknown,ctak:32:16:8:1,23.624815
scheme48,ctak,CRASHED
scheme48-unknown,fib:40:5,72.86978
scheme48,fib,CRASHED
scheme48-unknown,fibc:30:10,20.737104
scheme48,fibc,CRASHED
scheme48-unknown,fibfp:35.0:10,17.000014
scheme48,fibfp,CRASHED
scheme48-unknown,sum:10000:200000,76.083773
scheme48,sum,CRASHED
scheme48-unknown,sumfp:1000000.0:500,26.975268
scheme48,sumfp,CRASHED
scheme48,fft,ULIMITKILLED
scheme48-unknown,mbrot:75:1000,30.936062
scheme48,mbrot,CRASHED
scheme48,mbrotZ,ULIMITKILLED
scheme48-unknown,nucleic:50,28.834707
scheme48,nucleic,CRASHED
scheme48,pi,CRASHED
scheme48-unknown,pnpoly:1000000,40.44486
scheme48,pnpoly,CRASHED
scheme48,ray,CRASHED
scheme48-unknown,simplex:1000000,246.281179
scheme48,simplex,CRASHED
scheme48,ack,CRASHED
scheme48,array1,CRASHED
scheme48-unknown,string:500000:100,173.30758
scheme48,string,CRASHED
scheme48-unknown,sum1:25,20.709665
scheme48,sum1,CRASHED
scheme48,cat,CRASHED
scheme48,tail,CRASHED
scheme48-unknown,wc:inputs/bib:50,16.839306
scheme48,wc,CRASHED
scheme48-unknown,read1:2500,13.053723
scheme48,read1,CRASHED
scheme48-unknown,compiler:2000,31.570574
scheme48,compiler,CRASHED
scheme48-unknown,conform:500,73.284478
scheme48,conform,CRASHED
scheme48-unknown,dynamic:500,61.467513
scheme48,dynamic,CRASHED
scheme48,earley,CRASHED
scheme48-unknown,graphs:7:3,58.6533
scheme48,graphs,CRASHED
scheme48-unknown,lattice:44:10,210.400465
scheme48,lattice,CRASHED
scheme48-unknown,matrix:5:5:2500,35.771745
scheme48,matrix,CRASHED
scheme48-unknown,maze:20:7:10000,21.619203
scheme48,maze,CRASHED
scheme48-unknown,mazefun:11:11:10000,44.325233
scheme48,mazefun,CRASHED
scheme48-unknown,nqueens:13:10,91.115246
scheme48,nqueens,CRASHED
scheme48,paraffins,CRASHED
scheme48-unknown,parsing:2500,109.928577
scheme48,parsing,CRASHED
scheme48-unknown,peval:2000,41.549298
scheme48,peval,CRASHED
scheme48-unknown,primes:1000:10000,12.083059
scheme48,primes,CRASHED
scheme48-unknown,quicksort:10000:2500,38.426109
scheme48,quicksort,CRASHED
scheme48-unknown,scheme:100000,43.920284
scheme48,scheme,CRASHED
scheme48,slatex,CRASHED
scheme48,chudnovsky,CRASHED
scheme48,nboyer,CRASHED
scheme48,sboyer,CRASHED
scheme48,gcbench,CRASHED
scheme48,mperm,CRASHED
scheme48,equal,ULIMITKILLED
scheme48,bv2string,CRASHED
stalin,browse,COMPILEERROR
stalin,deriv,COMPILEERROR
stalin,destruc,COMPILEERROR
stalin,diviter,COMPILEERROR
stalin,divrec,COMPILEERROR
stalin,puzzle,COMPILEERROR
stalin,triangl,COMPILEERROR
stalin,tak,COMPILEERROR
stalin,takl,COMPILEERROR
stalin,ntakl,COMPILEERROR
stalin,cpstak,COMPILEERROR
stalin,ctak,COMPILEERROR
stalin,fib,COMPILEERROR
stalin,fibc,COMPILEERROR
stalin,fibfp,COMPILEERROR
stalin,sum,COMPILEERROR
stalin,sumfp,COMPILEERROR
stalin,fft,COMPILEERROR
stalin,mbrot,COMPILEERROR
stalin,mbrotZ,COMPILEERROR
stalin,nucleic,COMPILEERROR
stalin,pi,COMPILEERROR
stalin,pnpoly,COMPILEERROR
stalin,ray,COMPILEERROR
stalin,simplex,COMPILEERROR
stalin,ack,COMPILEERROR
stalin,array1,COMPILEERROR
stalin,string,COMPILEERROR
stalin,sum1,COMPILEERROR
stalin,cat,COMPILEERROR
stalin,tail,COMPILEERROR
stalin,wc,COMPILEERROR
stalin,read1,COMPILEERROR
stalin,compiler,COMPILEERROR
stalin,conform,COMPILEERROR
stalin,dynamic,COMPILEERROR
stalin,earley,COMPILEERROR
stalin,graphs,COMPILEERROR
stalin,lattice,COMPILEERROR
stalin,matrix,COMPILEERROR
stalin,maze,COMPILEERROR
stalin,mazefun,COMPILEERROR
stalin,nqueens,COMPILEERROR
stalin,paraffins,COMPILEERROR
stalin,parsing,COMPILEERROR
stalin,peval,COMPILEERROR
stalin,primes,COMPILEERROR
stalin,quicksort,COMPILEERROR
stalin,scheme,COMPILEERROR
stalin,slatex,COMPILEERROR
stalin,chudnovsky,COMPILEERROR
stalin,nboyer,COMPILEERROR
stalin,sboyer,COMPILEERROR
stalin,gcbench,COMPILEERROR
stalin,mperm,COMPILEERROR
stalin,equal,COMPILEERROR
stalin,bv2string,COMPILEERROR
tinyscheme,browse,CRASHED
tinyscheme,deriv,CRASHED
tinyscheme,destruc,CRASHED
tinyscheme,diviter,CRASHED
tinyscheme,divrec,CRASHED
tinyscheme,puzzle,CRASHED
tinyscheme,triangl,CRASHED
tinyscheme,tak,CRASHED
tinyscheme,takl,CRASHED
tinyscheme,ntakl,CRASHED
tinyscheme,cpstak,CRASHED
tinyscheme,ctak,CRASHED
tinyscheme,fib,CRASHED
tinyscheme,fibc,CRASHED
tinyscheme,fibfp,CRASHED
tinyscheme,sum,CRASHED
tinyscheme,sumfp,CRASHED
tinyscheme,fft,CRASHED
tinyscheme,mbrot,CRASHED
tinyscheme,mbrotZ,CRASHED
tinyscheme,nucleic,CRASHED
tinyscheme,pi,CRASHED
tinyscheme,pnpoly,CRASHED
tinyscheme,ray,CRASHED
tinyscheme,simplex,CRASHED
tinyscheme,ack,CRASHED
tinyscheme,array1,CRASHED
tinyscheme,string,CRASHED
tinyscheme,sum1,CRASHED
tinyscheme,cat,CRASHED
tinyscheme,tail,CRASHED
tinyscheme,wc,CRASHED
tinyscheme,read1,CRASHED
tinyscheme,conform,CRASHED
tinyscheme,dynamic,CRASHED
tinyscheme,earley,CRASHED
tinyscheme,graphs,CRASHED
tinyscheme,lattice,CRASHED
tinyscheme,matrix,CRASHED
tinyscheme,maze,CRASHED
tinyscheme,mazefun,CRASHED
tinyscheme,nqueens,CRASHED
tinyscheme,paraffins,CRASHED
tinyscheme,parsing,CRASHED
tinyscheme,peval,CRASHED
tinyscheme,primes,CRASHED
tinyscheme,quicksort,CRASHED
tinyscheme,scheme,CRASHED
tinyscheme,slatex,CRASHED
tinyscheme,chudnovsky,CRASHED
tinyscheme,nboyer,CRASHED
tinyscheme,sboyer,CRASHED
tinyscheme,gcbench,CRASHED
tinyscheme,mperm,CRASHED
tinyscheme,equal,CRASHED
tinyscheme,bv2string,CRASHED
ypsilon-unknown,browse:2000,16.00569
ypsilon-unknown,deriv:10000000,19.00127
ypsilon-unknown,destruc:600:50:4000,22.99536
ypsilon-unknown,diviter:1000:1000000,16.99799
ypsilon-unknown,divrec:1000:1000000,54.99727
ypsilon-unknown,puzzle:1000,40.00198
ypsilon-unknown,triangl:22:1:50,25.99922
ypsilon-unknown,tak:40:20:11:1,23.9963
ypsilon-unknown,takl:40:20:12:1,45.00751
ypsilon-unknown,ntakl:40:20:12:1,45.99829
ypsilon-unknown,cpstak:40:20:11:1,58.99853
ypsilon-unknown,ctak:32:16:8:1,7.00199
ypsilon-unknown,fib:40:5,42.00013
ypsilon-unknown,fibc:30:10,9.00698
ypsilon-unknown,fibfp:35.0:10,17.99545
ypsilon-unknown,sum:10000:200000,51.00201
ypsilon-unknown,sumfp:1000000.0:500,33.99442
ypsilon,fft,CRASHED
ypsilon-unknown,mbrot:75:1000,39.00545
ypsilon-unknown,mbrotZ:75:1000,59.99415
ypsilon-unknown,nucleic:50,22.0004
ypsilon,pi,CRASHED
ypsilon-unknown,pnpoly:1000000,32.00203
ypsilon-unknown,ray:50,23.99633
ypsilon-unknown,simplex:1000000,42.00082
ypsilon-unknown,ack:3:12:2,93.99994
ypsilon-unknown,array1:1000000:500,37.99765
ypsilon-unknown,string:500000:100,5.00199
ypsilon-unknown,sum1:25,1.99306
ypsilon-unknown,cat:50,20.00283
ypsilon,tail,CRASHED
ypsilon-unknown,wc:inputs/bib:50,20.00298
ypsilon-unknown,read1:2500,1.00369
ypsilon,compiler,CRASHED
ypsilon-unknown,conform:500,34.9989
ypsilon-unknown,dynamic:500,12.99621
ypsilon,earley,CRASHED
ypsilon-unknown,graphs:7:3,63.00433
ypsilon-unknown,lattice:44:10,52.99985
ypsilon,matrix,CRASHED
ypsilon,maze,CRASHED
ypsilon-unknown,mazefun:11:11:10000,23.99769
ypsilon-unknown,nqueens:13:10,67.99519
ypsilon,paraffins,CRASHED
ypsilon-unknown,parsing:2500,27.99995
ypsilon-unknown,peval:2000,27.99152
ypsilon-unknown,primes:1000:10000,17.0056
ypsilon-unknown,quicksort:10000:2500,41.99702
ypsilon-unknown,scheme:100000,28.00034
ypsilon-unknown,slatex:500,7.99893
ypsilon-unknown,chudnovsky:50:500:50:1000,0.99449
ypsilon,nboyer,CRASHED
ypsilon,sboyer,CRASHED
ypsilon,gcbench,CRASHED
ypsilon,mperm,CRASHED
ypsilon-unknown,equal:100:100:8:1000:2000:5000,0.99744
ypsilon-unknown,bv2string:1000:1000:100,7.99892
